{"count":1,"gauges":{},"self":9.8415752,"total":10.885435399999999,"children":{"AgentResetIfDone":{"count":500,"self":0.0070008,"total":0.0070008,"children":null},"AgentSendState":{"count":500,"self":0.0200562,"total":0.0300711,"children":{"CollectObservations":{"count":1000,"self":0.0100149,"total":0.0100149,"children":null}}},"DecideAction":{"count":500,"self":0.9272113,"total":0.982771,"children":{"RayPerceptionSensor.Perceive":{"count":1000,"self":0.0555597,"total":0.0555597,"children":null}}},"AcademyStep":{"count":500,"self":0.0009998,"total":0.0009998,"children":null},"AgentAct":{"count":500,"self":0.021018699999999998,"total":0.021018699999999998,"children":null}}}