{"count":1,"gauges":{},"self":43.3332288,"total":46.2967953,"children":{"AgentResetIfDone":{"count":2083,"self":0.055195999999999995,"total":0.055195999999999995,"children":null},"AgentSendState":{"count":2083,"self":0.0880889,"total":0.1381531,"children":{"CollectObservations":{"count":4168,"self":0.050064199999999996,"total":0.050064199999999996,"children":null}}},"DecideAction":{"count":2083,"self":2.1307047999999997,"total":2.5841236,"children":{"RayPerceptionSensor.Perceive":{"count":4168,"self":0.45341869999999995,"total":0.45341869999999995,"children":null}}},"AcademyStep":{"count":2083,"self":0.008007499999999999,"total":0.008007499999999999,"children":null},"AgentAct":{"count":2083,"self":0.1750878,"total":0.1750878,"children":null}}}