{"count":1,"gauges":{},"self":8.0077752,"total":9.0338739999999991,"children":{"AgentResetIfDone":{"count":421,"self":0.0119785,"total":0.0119785,"children":null},"AgentSendState":{"count":421,"self":0.0219787,"total":0.0309692,"children":{"CollectObservations":{"count":848,"self":0.0089905,"total":0.0089905,"children":null}}},"DecideAction":{"count":421,"self":0.8821443,"total":0.9471970999999999,"children":{"RayPerceptionSensor.Perceive":{"count":848,"self":0.0650528,"total":0.0650528,"children":null}}},"AcademyStep":{"count":421,"self":0.0029852999999999998,"total":0.0029852999999999998,"children":null},"AgentAct":{"count":421,"self":0.02997,"total":0.02997,"children":null}}}